Workbook

Sheet Summary
A1: BDO Shopmore Mastercard (PHP) - Statement Compilation
A2: Card ending 5660. Figures marked blue are typed from the statements; black are formulas over the Transactions sheet.
B4: Aug 25, 2026 | C4: Sep 24, 2026
A5: Statement date | B5: Aug 25, 2026 | C5: Sep 24, 2026
A6: Payment due date | B6: Sep 21, 2026 | C6: Oct 19, 2026
A7: Credit limit | B7: 425000 | C7: 720000
A8: Interest rate per month | B8: 0.03 | C8: 0.03
A9: Minimum amount due | B9: 850 | C9: 2785.37
A10: Total amount due (per statement) | B10: 27977.46 | C10: 92845.7
A11: Previous balance | B11: 22629.91 | C11: 27977.46
A12: Purchases and advances (per statement) | B12: 29470.64 | C12: 119094.74
A13: Fees/other debits (per statement) | B13: 1800 | C13: 0
A14: Finance + late charges (per statement) | B14: 0 | C14: 0
A15: Payments/other credits (per statement) | B15: -25923.09 | C15: -54226.5
A17: Reconciliation (formulas)
A18: Computed total (prev bal + all transactions) | B18: =B11+SUMIFS(Transactions!$G$2:$G$136,Transactions!$A$2:$A$136,B$4) | C18: =C11+SUMIFS(Transactions!$G$2:$G$136,Transactions!$A$2:$A$136,C$4)
A19: Difference vs statement total | B19: =ROUND(B18-B10,2) | C19: =ROUND(C18-C10,2)
A20: Sum of payments in transactions | B20: =SUMIFS(Transactions!$G$2:$G$136,Transactions!$A$2:$A$136,B$4,Transactions!$E$2:$E$136,"Payment") | C20: =SUMIFS(Transactions!$G$2:$G$136,Transactions!$A$2:$A$136,C$4,Transactions!$E$2:$E$136,"Payment")
A21: Sum of refunds/credits in transactions | B21: =SUMIFS(Transactions!$G$2:$G$136,Transactions!$A$2:$A$136,B$4,Transactions!$E$2:$E$136,"Refund/Credit") | C21: =SUMIFS(Transactions!$G$2:$G$136,Transactions!$A$2:$A$136,C$4,Transactions!$E$2:$E$136,"Refund/Credit")
A22: Statement payments/credits vs transactions (diff) | B22: =ROUND(B15-B20-B21,2) | C22: =ROUND(C15-C20-C21,2)
A23: Unpaid balance if only minimum paid | B23: =B10-B9 | C23: =C10-C9
A24: Next-month interest at 3% if minimum only | B24: =ROUND(B23*B8,2) | C24: =ROUND(C23*C8,2)
A25: Utilization (total due / credit limit) | B25: =B10/B7 | C25: =C10/C7
A27: Note: transcribed by hand from phone screenshots; the Difference row confirms each statement ties out to the printed total. Aug statement page 1 post dates for a few items were hard to read.

Sheet Transactions
A1: Statement | B1: Sale Date | C1: Post Date | D1: Merchant | E1: Category | F1: Reference | G1: Amount (PHP)
A2: Aug 25, 2026 | B2: 46259 | C2: 46259 | D2: ANNUAL MEMBERSHIP FEE | E2: Fees | G2: 1800
A3: Aug 25, 2026 | B3: 46228 | C3: 46230 | D3: SHOPEE PH MANDALUYONG PHL | E3: Shopee | G3: 288
A4: Aug 25, 2026 | B4: 46229 | C4: 46230 | D4: TIKTOK SHOP SELLER TAGUIG PHL | E4: Refund/Credit | G4: -50.6
A5: Aug 25, 2026 | B5: 46229 | C5: 46230 | D5: TIKTOK SHOP SELLER TAGUIG PHL | E5: Refund/Credit | G5: -48.58
A6: Aug 25, 2026 | B6: 46233 | C6: 46233 | D6: SAVEMORE SAN PEDRO LAGUNA PH | E6: Food/Grocery | G6: 546.1
A7: Aug 25, 2026 | B7: 46234 | C7: 46236 | D7: GRAB PASIG CITY PHL | E7: Transport | G7: 20
A8: Aug 25, 2026 | B8: 46234 | C8: 46236 | D8: GRAB PASIG CITY PHL | E8: Transport | G8: 18.06
A9: Aug 25, 2026 | B9: 46234 | C9: 46236 | D9: GRAB MAKATI PHL | E9: Transport | G9: 1157
A10: Aug 25, 2026 | B10: 46235 | C10: 46236 | D10: PIZZA HUT CLTX SAN PED SAN PEDRO PHL | E10: Food/Grocery | G10: 403.39
A11: Aug 25, 2026 | B11: 46235 | C11: 46238 | D11: SUPER 8 SAN PEDRO LAGUNA SAN PE PHL | E11: Food/Grocery | G11: 115
A12: Aug 25, 2026 | B12: 46235 | C12: 46251 | D12: PLDT AUTOCHARGE MAKATI CITY PH | E12: Utilities/Bills | F12: 0376499375 | G12: 1699.01
A13: Aug 25, 2026 | B13: 46237 | C13: 46239 | D13: SHOPEE PH MANDALUYONG PHL | E13: Shopee | G13: 204
A14: Aug 25, 2026 | B14: 46238 | C14: 46240 | D14: SHOPEE PH MANDALUYONG PHL | E14: Shopee | G14: 409
A15: Aug 25, 2026 | B15: 46238 | C15: 46240 | D15: SHOPEE PH MANDALUYONG PHL | E15: Shopee | G15: 216
A16: Aug 25, 2026 | B16: 46240 | C16: 46243 | D16: TIKTOK SHOP SELLER TAGUIG PHL | E16: TikTok Shop | G16: 1038.18
A17: Aug 25, 2026 | B17: 46242 | C17: 46244 | D17: SHOPEE PH MANDALUYONG PHL | E17: Shopee | G17: 23
A18: Aug 25, 2026 | B18: 46244 | C18: 46244 | D18: H&M TAGUIG PH | E18: Shopping (retail) | G18: 848.3
A19: Aug 25, 2026 | B19: 46244 | C19: 46245 | D19: 484 SM AURA TAGUIG PHL | E19: Shopping (retail) | G19: 79
A20: Aug 25, 2026 | B20: 46245 | C20: 46247 | D20: SHOPEE PH MANDALUYONG PHL | E20: Shopee | G20: 502
A21: Aug 25, 2026 | B21: 46247 | C21: 46250 | D21: SHOPEE PH MANDALUYONG PHL | E21: Shopee | G21: 8568
A22: Aug 25, 2026 | B22: 46249 | C22: 46251 | D22: SHOPEE PH MANDALUYONG PHL | E22: Shopee | G22: 3115
A23: Aug 25, 2026 | B23: 46250 | C23: 46252 | D23: SHOPEE PH MANDALUYONG PHL | E23: Shopee | G23: 1234
A24: Aug 25, 2026 | B24: 46251 | C24: 46252 | D24: MERALCO AUTOCHARGE PASIG CITY PH | E24: Utilities/Bills | F24: 1248117325 | G24: 1317.28
A25: Aug 25, 2026 | B25: 46251 | C25: 46253 | D25: SHOPEE PH MANDALUYONG PHL | E25: Shopee | G25: 224
A26: Aug 25, 2026 | B26: 46252 | C26: 46253 | D26: SHOPEE PH MANDALUYONG PHL | E26: Refund/Credit | G26: -1960
A27: Aug 25, 2026 | B27: 46253 | C27: 46253 | D27: LAZADA PH TAGUIG PH | E27: Lazada | F27: 20260819901800021517156 | G27: 1097.3
A28: Aug 25, 2026 | B28: 46253 | C28: 46253 | D28: PAYMENT RECEIVED - THANK YOU | E28: Payment | G28: -22629.91
A29: Aug 25, 2026 | B29: 46253 | C29: 46257 | D29: SHOPEE PH MANDALUYONG PHL | E29: Shopee | G29: 98
A30: Aug 25, 2026 | B30: 46254 | C30: 46254 | D30: LAZADA PH TAGUIG PH | E30: Lazada | F30: 20260819901800021524370 | G30: 1130
A31: Aug 25, 2026 | B31: 46254 | C31: 46257 | D31: SHOPEE PH MANDALUYONG PHL | E31: Refund/Credit | G31: -1234
A32: Aug 25, 2026 | B32: 46256 | C32: 46257 | D32: LAZADA PH TAGUIG PH | E32: Lazada | F32: 20260822908400021915909 | G32: 1150.02
A33: Aug 25, 2026 | B33: 46256 | C33: 46258 | D33: SHOPEE PH MANDALUYONG PHL | E33: Shopee | G33: 532
A34: Aug 25, 2026 | B34: 46256 | C34: 46258 | D34: SHOPEE PH MANDALUYONG PHL | E34: Shopee | G34: 1090
A35: Aug 25, 2026 | B35: 46256 | C35: 46258 | D35: SHOPEE PH MANDALUYONG PHL | E35: Shopee | G35: 406
A36: Aug 25, 2026 | B36: 46256 | C36: 46258 | D36: SHOPEE PH MANDALUYONG PHL | E36: Shopee | G36: 68
A37: Aug 25, 2026 | B37: 46257 | C37: 46259 | D37: SHOPEE PH MANDALUYONG PHL | E37: Shopee | G37: 356
A38: Aug 25, 2026 | B38: 46257 | C38: 46259 | D38: SHOPEE PH MANDALUYONG PHL | E38: Shopee | G38: 483
A39: Aug 25, 2026 | B39: 46257 | C39: 46259 | D39: SHOPEE PH MANDALUYONG PHL | E39: Shopee | G39: 381
A40: Aug 25, 2026 | B40: 46257 | C40: 46259 | D40: SHOPEE PH MANDALUYONG PHL | E40: Shopee | G40: 406
A41: Aug 25, 2026 | B41: 46257 | C41: 46259 | D41: SHOPEE PH MANDALUYONG PHL | E41: Shopee | G41: 87
A42: Aug 25, 2026 | B42: 46257 | C42: 46259 | D42: SHOPEE PH MANDALUYONG PHL | E42: Shopee | G42: 162
A43: Sep 24, 2026 | B43: 46258 | C43: 46260 | D43: P AND L FITNESS GYM SAN PEDRO PHL | E43: Gym | G43: 11999
A44: Sep 24, 2026 | B44: 46258 | C44: 46260 | D44: SHOPEE PH MANDALUYONG PHL | E44: Shopee | G44: 532
... A54: Sep 24, 2026 | B54: 46259 | C54: 46260 | D54: SHOPEE PH MANDALUYONG PHL | E54: Refund/Credit | G54: -103
A55: Sep 24, 2026 | B55: 46260 | C55: 46260 | D55: LAZADA PH TAGUIG PH | E55: Lazada | F55: 20260825902700021629931 | G55: 4185.12
A56: Sep 24, 2026 | B56: 46260 | C56: 46264 | D56: SHOPEE PH MANDALUYONG PHL | E56: Shopee | G56: 304
A57: Sep 24, 2026 | B57: 46260 | C57: 46264 | D57: SHOPEE PH MANDALUYONG PHL | E57: Shopee | G57: 528
A58: Sep 24, 2026 | B58: 46260 | C58: 46264 | D58: SHOPEE PH MANDALUYONG PHL | E58: Shopee | G58: 304
A59: Sep 24, 2026 | B59: 46261 | C59: 46264 | D59: SHOPEE PH MANDALUYONG PHL | E59: Shopee | G59: 304
A60: Sep 24, 2026 | B60: 46261 | C60: 46264 | D60: SHOPEE PH MANDALUYONG PHL | E60: Shopee | G60: 144
A61: Sep 24, 2026 | B61: 46261 | C61: 46264 | D61: SHOPEE PH MANDALUYONG PHL | E61: Shopee | G61: 304
A62: Sep 24, 2026 | B62: 46261 | C62: 46264 | D62: SHOPEE PH MANDALUYONG PHL | E62: Refund/Credit | G62: -1995
A63: Sep 24, 2026 | B63: 46261 | C63: 46264 | D63: SHOPEE PH MANDALUYONG PHL | E63: Refund/Credit | G63: -1995
A64: Sep 24, 2026 | B64: 46262 | C64: 46264 | D64: LANDMARK ALABANG DEPAR MUNTINLUPA PHL | E64: Shopping (retail) | G64: 10340.26
A65: Sep 24, 2026 | B65: 46262 | C65: 46264 | D65: LANDMARK ALABANG SUPER MUNTINLUPA PHL | E65: Shopping (retail) | G65: 618.75
A66: Sep 24, 2026 | B66: 46262 | C66: 46264 | D66: SHOPEE PH MANDALUYONG PHL | E66: Shopee | G66: 511
A67: Sep 24, 2026 | B67: 46262 | C67: 46264 | D67: SHOPEE PH MANDALUYONG PHL | E67: Shopee | G67: 312
... A93: Sep 24, 2026 | B93: 46266 | C93: 46268 | D93: SHOPEE PH MANDALUYONG PHL | E93: Shopee | G93: 349
A94: Sep 24, 2026 | B94: 46266 | C94: 46282 | D94: PLDT AUTOCHARGE MAKATI CITY PH | E94: Utilities/Bills | F94: 0376499375 | G94: 1699.01
A95: Sep 24, 2026 | B95: 46266 | C95: 46267 | D95: SHOPEE PH MANDALUYONG PHL | E95: Refund/Credit | G95: -1318
A96: Sep 24, 2026 | B96: 46266 | C96: 46267 | D96: SHOPEE PH MANDALUYONG PHL | E96: Refund/Credit | G96: -144
A97: Sep 24, 2026 | B97: 46267 | C97: 46267 | D97: LAZADA PH TAGUIG PH | E97: Refund/Credit | F97: 20260822908400021915909 | G97: -1150.02
A98: Sep 24, 2026 | B98: 46267 | C98: 46271 | D98: SHOPEE PH MANDALUYONG PHL | E98: Shopee | G98: 146
A99: Sep 24, 2026 | B99: 46267 | C99: 46271 | D99: SHOPEE PH MANDALUYONG PHL | E99: Shopee | G99: 380
A100: Sep 24, 2026 | B100: 46267 | C100: 46271 | D100: SHOPEE PH MANDALUYONG PHL | E100: Shopee | G100: 161
A101: Sep 24, 2026 | B101: 46267 | C101: 46271 | D101: SHOPEE PH MANDALUYONG PHL | E101: Shopee | G101: 916
A102: Sep 24, 2026 | B102: 46267 | C102: 46268 | D102: SHOPEE PH MANDALUYONG PHL | E102: Refund/Credit | G102: -319
A103: Sep 24, 2026 | B103: 46268 | C103: 46271 | D103: SHOPEE PH MANDALUYONG PHL | E103: Shopee | G103: 308
A104: Sep 24, 2026 | B104: 46268 | C104: 46271 | D104: SHOPEE PH MANDALUYONG PHL | E104: Shopee | G104: 6268
A105: Sep 24, 2026 | B105: 46268 | C105: 46271 | D105: SHOPEE PH MANDALUYONG PHL | E105: Refund/Credit | G105: -158
A106: Sep 24, 2026 | B106: 46268 | C106: 46271 | D106: SHOPEE PH MANDALUYONG PHL | E106: Refund/Credit | G106: -331
A107: Sep 24, 2026 | B107: 46269 | C107: 46271 | D107: SHOPEE PH MANDALUYONG PHL | E107: Shopee | G107: 281
A108: Sep 24, 2026 | B108: 46270 | C108: 46272 | D108: SHOPEE PH MANDALUYONG PHL | E108: Shopee | G108: 6028
A109: Sep 24, 2026 | B109: 46270 | C109: 46271 | D109: SHOPEE PH MANDALUYONG PHL | E109: Refund/Credit | G109: -1879
... A112: Sep 24, 2026 | B112: 46271 | C112: 46272 | D112: SHOPEE PH MANDALUYONG PHL | E112: Refund/Credit | G112: -6268
A113: Sep 24, 2026 | B113: 46272 | C113: 46272 | D113: LAZADA PH TAGUIG PH | E113: Lazada | F113: 2026090790840002143711 | G113: 1431.55
A114: Sep 24, 2026 | B114: 46272 | C114: 46274 | D114: SHOPEE PH MANDALUYONG PHL | E114: Shopee | G114: 136
A115: Sep 24, 2026 | B115: 46272 | C115: 46274 | D115: SHOPEE PH MANDALUYONG PHL | E115: Shopee | G115: 384
A116: Sep 24, 2026 | B116: 46272 | C116: 46274 | D116: SHOPEE PH MANDALUYONG PHL | E116: Shopee | G116: 128
A117: Sep 24, 2026 | B117: 46272 | C117: 46274 | D117: SHOPEE PH MANDALUYONG PHL | E117: Shopee | G117: 319
A118: Sep 24, 2026 | B118: 46272 | C118: 46274 | D118: SHOPEE PH MANDALUYONG PHL | E118: Shopee | G118: 3283
A119: Sep 24, 2026 | B119: 46273 | C119: 46275 | D119: SHOPEE PH MANDALUYONG PHL | E119: Shopee | G119: 144
A120: Sep 24, 2026 | B120: 46273 | C120: 46275 | D120: SHOPEE PH MANDALUYONG PHL | E120: Shopee | G120: 125
A121: Sep 24, 2026 | B121: 46273 | C121: 46275 | D121: SHOPEE PH MANDALUYONG PHL | E121: Shopee | G121: 85
A122: Sep 24, 2026 | B122: 46273 | C122: 46275 | D122: SHOPEE PH MANDALUYONG PHL | E122: Shopee | G122: 68
A123: Sep 24, 2026 | B123: 46273 | C123: 46274 | D123: SHOPEE PH MANDALUYONG PHL | E123: Refund/Credit | G123: -16
A124: Sep 24, 2026 | B124: 46273 | C124: 46274 | D124: SHOPEE PH MANDALUYONG PHL | E124: Refund/Credit | G124: -19
A125: Sep 24, 2026 | B125: 46274 | C125: 46278 | D125: SHOPEE PH MANDALUYONG PHL | E125: Shopee | G125: 500
... A129: Sep 24, 2026 | B129: 46276 | C129: 46278 | D129: SUPER 8 SAN PEDRO LAGUNA SAN PE PHL | E129: Food/Grocery | G129: 283.25
A130: Sep 24, 2026 | B130: 46277 | C130: 46278 | D130: LAZADA PH TAGUIG PH | E130: Refund/Credit | F130: 20260825902700021629931 | G130: -1283.02
A131: Sep 24, 2026 | B131: 46279 | C131: 46281 | D131: SHOPEE PH MANDALUYONG PHL | E131: Shopee | G131: 208
A132: Sep 24, 2026 | B132: 46282 | C132: 46285 | D132: SHOPEE PH MANDALUYONG PHL | E132: Shopee | G132: 333
A133: Sep 24, 2026 | B133: 46282 | C133: 46285 | D133: MERALCO AUTOCHARGE PASIG CITY PH | E133: Utilities/Bills | F133: 1248117325 | G133: 1284.42
A134: Sep 24, 2026 | B134: 46285 | C134: 46285 | D134: PAYMENT RECEIVED - THANK YOU | E134: Payment | G134: -27977.46
A135: Sep 24, 2026 | B135: 46285 | C135: 46286 | D135: BAYAD CENTER MERALCO PASIG PHL | E135: Utilities/Bills | G135: 5973.08
A136: Sep 24, 2026 | B136: 46287 | C136: 46289 | D136: SHOPEE PH MANDALUYONG PHL | E136: Shopee | G136: 205

Sheet By Category
A1: Category | B1: Aug 25, 2026 | C1: Sep 24, 2026 | D1: Total | E1: # Txns
A2: Fees | B2: =SUMIFS(Transactions!$G$2:$G$136,Transactions!$A$2:$A$136,"Aug 25, 2026",Transactions!$E$2:$E$136,$A2) | C2: =SUMIFS(Transactions!$G$2:$G$136,Transactions!$A$2:$A$136,"Sep 24, 2026",Transactions!$E$2:$E$136,$A2) | D2: =B2+C2 | E2: =COUNTIFS(Transactions!$E$2:$E$136,$A2)
A3: Food/Grocery | B3: =SUMIFS(Transactions!$G$2:$G$136,Transactions!$A$2:$A$136,"Aug 25, 2026",Transactions!$E$2:$E$136,$A3) | C3: =SUMIFS(Transactions!$G$2:$G$136,Transactions!$A$2:$A$136,"Sep 24, 2026",Transactions!$E$2:$E$136,$A3) | D3: =B3+C3 | E3: =COUNTIFS(Transactions!$E$2:$E$136,$A3)
A4: Gym | B4: =SUMIFS(Transactions!$G$2:$G$136,Transactions!$A$2:$A$136,"Aug 25, 2026",Transactions!$E$2:$E$136,$A4) | C4: =SUMIFS(Transactions!$G$2:$G$136,Transactions!$A$2:$A$136,"Sep 24, 2026",Transactions!$E$2:$E$136,$A4) | D4: =B4+C4 | E4: =COUNTIFS(Transactions!$E$2:$E$136,$A4)
A5: Lazada | B5: =SUMIFS(Transactions!$G$2:$G$136,Transactions!$A$2:$A$136,"Aug 25, 2026",Transactions!$E$2:$E$136,$A5) | C5: =SUMIFS(Transactions!$G$2:$G$136,Transactions!$A$2:$A$136,"Sep 24, 2026",Transactions!$E$2:$E$136,$A5) | D5: =B5+C5 | E5: =COUNTIFS(Transactions!$E$2:$E$136,$A5)
A6: Shopee | B6: =SUMIFS(Transactions!$G$2:$G$136,Transactions!$A$2:$A$136,"Aug 25, 2026",Transactions!$E$2:$E$136,$A6) | C6: =SUMIFS(Transactions!$G$2:$G$136,Transactions!$A$2:$A$136,"Sep 24, 2026",Transactions!$E$2:$E$136,$A6) | D6: =B6+C6 | E6: =COUNTIFS(Transactions!$E$2:$E$136,$A6)
A7: Shopping (retail) | B7: =SUMIFS(Transactions!$G$2:$G$136,Transactions!$A$2:$A$136,"Aug 25, 2026",Transactions!$E$2:$E$136,$A7) | C7: =SUMIFS(Transactions!$G$2:$G$136,Transactions!$A$2:$A$136,"Sep 24, 2026",Transactions!$E$2:$E$136,$A7) | D7: =B7+C7 | E7: =COUNTIFS(Transactions!$E$2:$E$136,$A7)
A8: TikTok Shop | B8: =SUMIFS(Transactions!$G$2:$G$136,Transactions!$A$2:$A$136,"Aug 25, 2026",Transactions!$E$2:$E$136,$A8) | C8: =SUMIFS(Transactions!$G$2:$G$136,Transactions!$A$2:$A$136,"Sep 24, 2026",Transactions!$E$2:$E$136,$A8) | D8: =B8+C8 | E8: =COUNTIFS(Transactions!$E$2:$E$136,$A8)
A9: Transport | B9: =SUMIFS(Transactions!$G$2:$G$136,Transactions!$A$2:$A$136,"Aug 25, 2026",Transactions!$E$2:$E$136,$A9) | C9: =SUMIFS(Transactions!$G$2:$G$136,Transactions!$A$2:$A$136,"Sep 24, 2026",Transactions!$E$2:$E$136,$A9) | D9: =B9+C9 | E9: =COUNTIFS(Transactions!$E$2:$E$136,$A9)
A10: Utilities/Bills | B10: =SUMIFS(Transactions!$G$2:$G$136,Transactions!$A$2:$A$136,"Aug 25, 2026",Transactions!$E$2:$E$136,$A10) | C10: =SUMIFS(Transactions!$G$2:$G$136,Transactions!$A$2:$A$136,"Sep 24, 2026",Transactions!$E$2:$E$136,$A10) | D10: =B10+C10 | E10: =COUNTIFS(Transactions!$E$2:$E$136,$A10)
A11: Refund/Credit | B11: =SUMIFS(Transactions!$G$2:$G$136,Transactions!$A$2:$A$136,"Aug 25, 2026",Transactions!$E$2:$E$136,$A11) | C11: =SUMIFS(Transactions!$G$2:$G$136,Transactions!$A$2:$A$136,"Sep 24, 2026",Transactions!$E$2:$E$136,$A11) | D11: =B11+C11 | E11: =COUNTIFS(Transactions!$E$2:$E$136,$A11)
A12: Net (excl. payments) | B12: =SUM(B2:B11) | C12: =SUM(C2:C11) | D12: =SUM(D2:D11) | E12: =SUM(E2:E11)

Sheet By Merchant
A1: Merchant | B1: Aug 25, 2026 | C1: Sep 24, 2026 | D1: Total
A2: 484 SM AURA TAGUIG PHL | B2: =SUMIFS(Transactions!$G$2:$G$136,Transactions!$A$2:$A$136,"Aug 25, 2026",Transactions!$D$2:$D$136,$A2) | C2: =SUMIFS(Transactions!$G$2:$G$136,Transactions!$A$2:$A$136,"Sep 24, 2026",Transactions!$D$2:$D$136,$A2) | D2: =B2+C2
A3: ANNUAL MEMBERSHIP FEE | B3: =SUMIFS(Transactions!$G$2:$G$136,Transactions!$A$2:$A$136,"Aug 25, 2026",Transactions!$D$2:$D$136,$A3) | C3: =SUMIFS(Transactions!$G$2:$G$136,Transactions!$A$2:$A$136,"Sep 24, 2026",Transactions!$D$2:$D$136,$A3) | D3: =B3+C3
A4: BAYAD CENTER MERALCO PASIG PHL | B4: =SUMIFS(Transactions!$G$2:$G$136,Transactions!$A$2:$A$136,"Aug 25, 2026",Transactions!$D$2:$D$136,$A4) | C4: =SUMIFS(Transactions!$G$2:$G$136,Transactions!$A$2:$A$136,"Sep 24, 2026",Transactions!$D$2:$D$136,$A4) | D4: =B4+C4
A5: GRAB MAKATI PHL | B5: =SUMIFS(Transactions!$G$2:$G$136,Transactions!$A$2:$A$136,"Aug 25, 2026",Transactions!$D$2:$D$136,$A5) | C5: =SUMIFS(Transactions!$G$2:$G$136,Transactions!$A$2:$A$136,"Sep 24, 2026",Transactions!$D$2:$D$136,$A5) | D5: =B5+C5
A6: GRAB PASIG CITY PHL | B6: =SUMIFS(Transactions!$G$2:$G$136,Transactions!$A$2:$A$136,"Aug 25, 2026",Transactions!$D$2:$D$136,$A6) | C6: =SUMIFS(Transactions!$G$2:$G$136,Transactions!$A$2:$A$136,"Sep 24, 2026",Transactions!$D$2:$D$136,$A6) | D6: =B6+C6
A7: H&M MUNTINLUPA PH | B7: =SUMIFS(Transactions!$G$2:$G$136,Transactions!$A$2:$A$136,"Aug 25, 2026",Transactions!$D$2:$D$136,$A7) | C7: =SUMIFS(Transactions!$G$2:$G$136,Transactions!$A$2:$A$136,"Sep 24, 2026",Transactions!$D$2:$D$136,$A7) | D7: =B7+C7
A8: H&M TAGUIG PH | B8: =SUMIFS(Transactions!$G$2:$G$136,Transactions!$A$2:$A$136,"Aug 25, 2026",Transactions!$D$2:$D$136,$A8) | C8: =SUMIFS(Transactions!$G$2:$G$136,Transactions!$A$2:$A$136,"Sep 24, 2026",Transactions!$D$2:$D$136,$A8) | D8: =B8+C8
A9: LANDMARK ALABANG DEPAR MUNTINLUPA PHL | B9: =SUMIFS(Transactions!$G$2:$G$136,Transactions!$A$2:$A$136,"Aug 25, 2026",Transactions!$D$2:$D$136,$A9) | C9: =SUMIFS(Transactions!$G$2:$G$136,Transactions!$A$2:$A$136,"Sep 24, 2026",Transactions!$D$2:$D$136,$A9) | D9: =B9+C9
A10: LANDMARK ALABANG SUPER MUNTINLUPA PHL | B10: =SUMIFS(Transactions!$G$2:$G$136,Transactions!$A$2:$A$136,"Aug 25, 2026",Transactions!$D$2:$D$136,$A10) | C10: =SUMIFS(Transactions!$G$2:$G$136,Transactions!$A$2:$A$136,"Sep 24, 2026",Transactions!$D$2:$D$136,$A10) | D10: =B10+C10
A11: LAZADA PH TAGUIG PH | B11: =SUMIFS(Transactions!$G$2:$G$136,Transactions!$A$2:$A$136,"Aug 25, 2026",Transactions!$D$2:$D$136,$A11) | C11: =SUMIFS(Transactions!$G$2:$G$136,Transactions!$A$2:$A$136,"Sep 24, 2026",Transactions!$D$2:$D$136,$A11) | D11: =B11+C11
A12: MERALCO AUTOCHARGE PASIG CITY PH | B12: =SUMIFS(Transactions!$G$2:$G$136,Transactions!$A$2:$A$136,"Aug 25, 2026",Transactions!$D$2:$D$136,$A12) | C12: =SUMIFS(Transactions!$G$2:$G$136,Transactions!$A$2:$A$136,"Sep 24, 2026",Transactions!$D$2:$D$136,$A12) | D12: =B12+C12
A13: P AND L FITNESS GYM SAN PEDRO PHL | B13: =SUMIFS(Transactions!$G$2:$G$136,Transactions!$A$2:$A$136,"Aug 25, 2026",Transactions!$D$2:$D$136,$A13) | C13: =SUMIFS(Transactions!$G$2:$G$136,Transactions!$A$2:$A$136,"Sep 24, 2026",Transactions!$D$2:$D$136,$A13) | D13: =B13+C13
... A19: TIKTOK SHOP SELLER TAGUIG PHL | B19: =SUMIFS(Transactions!$G$2:$G$136,Transactions!$A$2:$A$136,"Aug 25, 2026",Transactions!$D$2:$D$136,$A19) | C19: =SUMIFS(Transactions!$G$2:$G$136,Transactions!$A$2:$A$136,"Sep 24, 2026",Transactions!$D$2:$D$136,$A19) | D19: =B19+C19
